Company Name,Corporate Email Addresses,Telephone Matrix Lines,Market Classification,Scrape Date
360 Technologies,sohail.qureshi@360technologies.net,'04235864111,Enterprise Cloud Infrastructure SaaS,17/08/2026
1st 4 Connect,farrukh.saeed@1st4connect.com,2081446855,AI Automation Engineering Hub,17/08/2026
3SC World Solved,info@3scworld.com,'01244330088,Managed Cloud Cybersecurity Node,17/08/2026
FastAccounts Intl,support@fastaccounts.io,2081446856,FinTech High-Velocity Transaction Architecture,17/08/2026
Martal Tech Solutions,info@martal.ca,15148421111,Enterprise Cloud Infrastructure SaaS,17/08/2026
Upcall Digital Systems,support@upcall.com,18005550199,AI Automation Engineering Hub,17/08/2026
KiteDesk Lead Architecture,sales@kitedesk.com,'018884323211,Managed Cloud Cybersecurity Node,17/08/2026
Belkins Growth Operations,hello@belkins.io,'013024567891,FinTech High-Velocity Transaction Architecture,17/08/2026
NinjaPromo Web3 Scale,hello@ninjapromo.io,'012125550143,Enterprise Cloud Infrastructure SaaS,17/08/2026
Obility Account Dynamics,opportunities@obilityb2b.com,'015034456781,AI Automation Engineering Hub,17/08/2026
